tomb_id,latitude_x,longitude_x,quantity,period,region,county,county_ft,latitude_y,longitude_y,period_ft,start_date,end_date,distance
1,32.0782096852876,112.107788070754,6.0,Western Han,hubei,dengxian,鄧縣 ,32.0545,112.0984,前漢 ,-202,9,2.78
2,32.0782096852876,112.107788070754,8.0,Eastern Han,hubei,dengxian,鄧縣 ,32.0545,112.0984,後漢 ,25,220,2.78
3,32.0715663589831,110.743744383966,19.0,Western Han,hubei,fangling,房陵,32.0555675,110.7367772,前漢 ,-202,9,1.9
4,32.0715663589831,110.743744383966,11.0,Eastern Han,hubei,fangling,房陵,32.0555675,110.7367772,後漢 ,25,220,1.9
5,30.2412814883104,115.446419520618,24.0,Western Han,hubei,luozhou,羅州 ,30.2608816469012,115.441529488332,前漢 ,-202,9,2.23
6,32.0173275333239,112.153471357549,12.0,Western Han,hubei,xiangyang,襄陽 ,32.0124353268834,112.140119148482,前漢 ,-202,9,1.37
7,32.0173275333239,112.153471357549,18.0,Western Han,hubei,xiangyang,襄陽 ,32.0124353268834,112.140119148482,前漢 ,-202,9,1.37
8,32.0173275333239,112.153471357549,7.0,Western Han,hubei,xiangyang,襄陽 ,32.0124353268834,112.140119148482,前漢 ,-202,9,1.37
9,30.2412814883104,115.446419520618,49.0,Western Han,hubei,luozhou,羅州 ,30.2608816469012,115.441529488332,前漢 ,-202,9,2.23
10,30.2412814883104,115.446419520618,20.0,Eastern Han,hubei,luozhou,羅州 ,30.2608816469012,115.441529488332,後漢 ,25,220,2.23
11,30.421242254688,112.177533319375,1.0,Western Han,hubei,jinancheng,紀南城 ,30.4251102527338,112.1633942484,前漢 ,-202,9,1.42
12,30.6035406742961,111.842905680416,1.0,Eastern Han,hubei,zhijiang,枝江 ,30.5017,111.9018,後漢 ,25,220,12.65
13,30.6035406742961,111.842905680416,1.0,Eastern Han,hubei,zhijiang,枝江 ,30.5017,111.9018,後漢 ,25,220,12.65
14,30.5017441981175,114.339821580249,6.0,Eastern Han,hubei,shaxian,沙羨 ,30.334,114.1223,後漢 ,25,220,27.98
15,31.9805167528333,113.125988696102,1.0,Eastern Han,hubei,chongling,舂陵 ,31.9875486732027,112.833341515613,後漢 ,25,220,27.61
16,32.3455979272274,111.788856299572,7.0,Western Han,hubei,gucheng,穀城 ,32.2227,111.5873,前漢 ,-202,9,23.36
17,30.749965682185,111.293354658464,30.0,Western Han,hubei,yiling,夷陵 ,30.692918968763,111.305513530166,前漢 ,-202,9,6.45
18,30.749965682185,111.293354658464,7.0,Eastern Han,hubei,yiling,夷陵 ,30.692918968763,111.305513530166,後漢 ,25,220,6.45
19,31.710842133522,113.372320612515,1.0,Eastern Han,hubei,suixian,隨縣 ,31.6993,113.367,後漢 ,25,220,1.38
20,31.7100499499995,113.390393852364,1.0,Eastern Han,hubei,suixian,隨縣 ,31.6993,113.367,後漢 ,25,220,2.52
21,30.3592406756439,112.170967224357,3.0,Western Han,hubei,jiangling,江陵 ,30.3533162458038,112.182898297622,前漢 ,-202,9,1.32
22,30.3592406756439,112.170967224357,3.0,Western Han,hubei,jiangling,江陵 ,30.3533162458038,112.182898297622,前漢 ,-202,9,1.32
23,31.7141840327699,113.404736657012,1.0,Western Han,hubei,suixian,隨縣 ,31.6993,113.367,前漢 ,-202,9,3.93
24,30.4091695086997,112.193421329125,9.0,Western Han,hubei,yingxian,郢縣 ,30.3963300904721,112.202939755544,前漢 ,-202,9,1.69
25,30.4091695086997,112.193421329125,1.0,Western Han,hubei,yingxian,郢縣 ,30.3963300904721,112.202939755544,前漢 ,-202,9,1.69
26,31.0201803574875,113.741017768518,1.0,Western Han,hubei,anlu,安陸 ,31.0219541851857,113.754141558911,前漢 ,-202,9,1.27
27,30.4091695086997,112.193421329125,1.0,Western Han,hubei,yingxian,郢縣 ,30.3963300904721,112.202939755544,前漢 ,-202,9,1.69
28,30.375972273228,112.169533717324,1.0,Western Han,hubei,yingxian,郢縣 ,30.3963300904721,112.202939755544,前漢 ,-202,9,3.92
29,31.9793554419392,113.119648591541,1.0,Eastern Han,hubei,chongling,舂陵 ,31.9875486732027,112.833341515613,後漢 ,25,220,27.02
30,31.9843644306667,113.119131903105,1.0,Eastern Han,hubei,chongling,舂陵 ,31.9875486732027,112.833341515613,後漢 ,25,220,26.96
31,30.4091695086997,112.193421329125,1.0,Western Han,hubei,yingxian,郢縣 ,30.3963300904721,112.202939755544,前漢 ,-202,9,1.69
32,32.0652982496879,110.727181485702,13.0,Western Han,hubei,fangling,房陵,32.0555675,110.7367772,前漢 ,-202,9,1.41
33,32.0652982496879,110.727181485702,18.0,Eastern Han,hubei,fangling,房陵,32.0555675,110.7367772,後漢 ,25,220,1.41
34,30.7229465409318,111.291796853115,3.0,Eastern Han,hubei,yiling,夷陵 ,30.692918968763,111.305513530166,後漢 ,25,220,3.59
35,30.7229465409318,111.291796853115,3.0,Eastern Han,hubei,yiling,夷陵 ,30.692918968763,111.305513530166,後漢 ,25,220,3.59
36,30.7229465409318,111.291796853115,4.0,Eastern Han,hubei,yiling,夷陵 ,30.692918968763,111.305513530166,後漢 ,25,220,3.59
37,30.7229465409318,111.291796853115,4.0,Eastern Han,hubei,yiling,夷陵 ,30.692918968763,111.305513530166,後漢 ,25,220,3.59
38,30.5410658169913,114.597374109764,1.0,Eastern Han,hubei,zhuxian,邾縣,30.5158,114.8536,後漢 ,25,220,24.7
39,30.7509188652889,111.293616256225,18.0,Western Han,hubei,yiling,夷陵 ,30.692918968763,111.305513530166,前漢 ,-202,9,6.55
40,30.7509188652889,111.293616256225,2.0,Eastern Han,hubei,yiling,夷陵 ,30.692918968763,111.305513530166,後漢 ,25,220,6.55
41,31.0238075026083,113.731912966567,4.0,Western Han,hubei,anlu,安陸 ,31.0219541851857,113.754141558911,前漢 ,-202,9,2.13
42,32.0121192578904,112.139242899027,1.0,Western Han,hubei,xiangyang,襄陽 ,32.0124353268834,112.140119148482,前漢 ,-202,9,0.09
43,31.6381632233649,112.301885052754,6.0,Western Han,hubei,yicheng,宜城 ,31.6418,112.2415,前漢 ,-202,9,5.73
44,32.1855391234535,111.756131035586,3.0,Western Han,hubei,shandou,山都 ,32.1388893095301,111.754076518087,前漢 ,-202,9,5.19
45,32.1855391234535,111.756131035586,5.0,Eastern Han,hubei,shandou,山都 ,32.1388893095301,111.754076518087,後漢 ,25,220,5.19
46,30.3927343800431,112.224322452419,4.0,Western Han,hubei,yingcheng,郢城 ,30.3768026970929,112.225978118688,前漢 ,-202,9,1.78
47,31.719426030212,113.395022810205,2.0,Eastern Han,hubei,suixian,隨縣 ,31.6993,113.367,後漢 ,25,220,3.47
48,30.786662666784,114.810796195542,1.0,Western Han,hubei,xiling,西陵 ,30.8357949301396,114.784891572358,前漢 ,-202,9,6.0
49,30.7855508914505,114.809405791803,1.0,Western Han,hubei,xiling,西陵 ,30.8357949301396,114.784891572358,前漢 ,-202,9,6.06
50,30.8418449249537,114.81783299577,1.0,Western Han,hubei,xiling,西陵 ,30.8357949301396,114.784891572358,前漢 ,-202,9,3.22
51,30.8396270363466,114.801271149719,1.0,Western Han,hubei,xiling,西陵 ,30.8357949301396,114.784891572358,前漢 ,-202,9,1.62
52,30.8396270363466,114.801271149719,1.0,Eastern Han,hubei,xiling,西陵 ,30.8357949301396,114.784891572358,後漢 ,25,220,1.62
53,31.0139728357345,113.769471111946,1.0,Western Han,hubei,anlu,安陸 ,31.0219541851857,113.754141558911,前漢 ,-202,9,1.71
54,32.0103158519537,112.125135692736,9.0,Western Han,hubei,xiangyang,襄陽 ,32.0124353268834,112.140119148482,前漢 ,-202,9,1.43
55,31.7465932223009,113.207829048016,1.0,Western Han,hubei,suixian,隨縣 ,31.6993,113.367,前漢 ,-202,9,15.95
56,32.2202502796712,111.684977552036,1.0,Eastern Han,hubei,zhuyang,築陽 ,32.2601031978565,111.690973322435,後漢 ,25,220,4.47
57,32.3842330237979,111.681395743032,5.0,Eastern Han,hubei,zhuyang,築陽 ,32.2601031978565,111.690973322435,後漢 ,25,220,13.83
58,31.0429879849242,113.807671216348,1.0,Eastern Han,hubei,anlu,安陸 ,31.0219541851857,113.754141558911,後漢 ,25,220,5.61
59,30.6046004701091,112.189186303251,1.0,Eastern Han,hubei,jiangling,江陵 ,30.3533162458038,112.182898297622,後漢 ,25,220,27.95
60,30.6046004701091,112.189186303251,1.0,Eastern Han,hubei,jiangling,江陵 ,30.3533162458038,112.182898297622,後漢 ,25,220,27.95
61,30.4031270454287,112.19714962666,1.0,Eastern Han,hubei,jiangling,江陵 ,30.3533162458038,112.182898297622,後漢 ,25,220,5.7
62,31.3414821064073,114.044295530716,2.0,Eastern Han,hubei,anlu,安陸 ,31.0219541851857,113.754141558911,後漢 ,25,220,44.99
63,32.3926299054811,111.695221161148,4.0,Western Han,hubei,yinxian,陰縣 ,32.4613497335891,111.636630756402,前漢 ,-202,9,9.41
64,32.3926299054811,111.695221161148,1.0,Western Han,hubei,yinxian,陰縣 ,32.4613497335891,111.636630756402,前漢 ,-202,9,9.41
65,32.0402248280347,112.138360574366,2.0,Western Han,hubei,xiangyang,襄陽 ,32.0124353268834,112.140119148482,前漢 ,-202,9,3.09
66,32.0928318683303,112.026369255832,1.0,Western Han,hubei,xiangyang,襄陽 ,32.0124353268834,112.140119148482,前漢 ,-202,9,13.96
67,32.0928318683303,112.026369255832,1.0,Eastern Han,hubei,xiangyang,襄陽 ,32.0124353268834,112.140119148482,後漢 ,25,220,13.96
68,32.0928318683303,112.026369255832,1.0,Western Han,hubei,xiangyang,襄陽 ,32.0124353268834,112.140119148482,前漢 ,-202,9,13.96
69,32.09283187,112.0263693,1.0,Eastern Han,hubei,xiangyang,襄陽 ,32.0124353268834,112.140119148482,後漢 ,25,220,13.96
70,32.0928318683303,112.026369255832,1.0,Western Han,hubei,xiangyang,襄陽 ,32.0124353268834,112.140119148482,前漢 ,-202,9,13.96
71,32.09283187,112.0263693,1.0,Eastern Han,hubei,xiangyang,襄陽 ,32.0124353268834,112.140119148482,後漢 ,25,220,13.96
72,32.0928318683303,112.026369255832,2.0,Western Han,hubei,xiangyang,襄陽 ,32.0124353268834,112.140119148482,前漢 ,-202,9,13.96
73,32.0928318683303,112.026369255832,2.0,Eastern Han,hubei,xiangyang,襄陽 ,32.0124353268834,112.140119148482,後漢 ,25,220,13.96
74,32.0928318683303,112.026369255832,3.0,Western Han,hubei,xiangyang,襄陽 ,32.0124353268834,112.140119148482,前漢 ,-202,9,13.96
75,32.0928318683303,112.026369255832,3.0,Eastern Han,hubei,xiangyang,襄陽 ,32.0124353268834,112.140119148482,後漢 ,25,220,13.96
76,30.20542437883,115.104664925823,1.0,Eastern Han,hubei,qichun,蘄春 ,30.1086656239241,115.369905297599,後漢 ,25,220,27.68
77,32.04423427755,112.13979934345,1.0,Eastern Han,hubei,xiangyang,襄陽 ,32.0124353268834,112.140119148482,後漢 ,25,220,3.54
78,30.4859657154127,114.882713679515,15.0,Western Han,hubei,zhuxian,邾縣,30.5158,114.8536,前漢 ,-202,9,4.33
79,30.4859657154127,114.882713679515,2.0,Western Han,hubei,zhuxian,邾縣,30.5158,114.8536,前漢 ,-202,9,4.33
80,30.5504388646535,114.33596947839,28.0,Eastern Han,hubei,shaxian,沙羨 ,30.334,114.1223,後漢 ,25,220,31.6
81,34.6840949729305,112.432834709694,1.0,Western Han,henan,henan,河南 ,34.6774314395294,112.414770336201,前漢 ,-202,9,1.81
82,34.1758381957141,116.49744619714,3.0,Western Han,henan,dangxian,碭縣 ,34.1616614890121,116.450938683481,前漢 ,-202,9,4.56
83,35.073521723409,112.595054209624,1.0,Western Han,henan,zhixian,軹縣,35.09333517,112.5971707,前漢 ,-202,9,2.21
84,35.073521723409,112.595054209624,1.0,Western Han,henan,zhixian,軹縣,35.09333517,112.5971707,前漢 ,-202,9,2.21
85,35.073521723409,112.595054209624,1.0,Xin,henan,zhixian,軹縣,35.09333517,112.5971707,新莽 ,9,23,2.21
86,34.7328726276037,113.682754377131,1.0,Western Han,henan,wancheng,莞城 ,34.7525940944185,113.690633856124,前漢 ,-202,9,2.31
87,34.7362027592735,112.392967184551,1.0,Western Han,henan,henan,河南 ,34.6774314395294,112.414770336201,前漢 ,-202,9,6.83
88,34.7404854606131,112.024979546479,4.0,Xin,henan,xinan,新安 ,34.745436079829,111.867921769384,新莽 ,9,23,14.36
89,34.757661040925,112.393697373281,120.0,Western Han,henan,henan,河南 ,34.6774314395294,112.414770336201,前漢 ,-202,9,9.13
90,34.73575465313,113.694246675615,1.0,Western Han,henan,wancheng,莞城 ,34.7525940944185,113.690633856124,前漢 ,-202,9,1.9
91,34.73575465313,113.694246675615,1.0,Eastern Han,henan,wancheng,莞城 ,34.7525940944185,113.690633856124,後漢 ,25,220,1.9
92,34.73575465,113.6942467,1.0,Western Han,henan,wancheng,莞城 ,34.7525940944185,113.690633856124,前漢 ,-202,9,1.9
93,34.73575465313,113.694246675615,1.0,Eastern Han,henan,wancheng,莞城 ,34.7525940944185,113.690633856124,後漢 ,25,220,1.9
94,33.1427048467135,112.601771797797,2.0,Eastern Han,henan,wanxian,宛縣 ,33.0095008060053,112.527263265578,後漢 ,25,220,16.36
95,32.5981932624243,112.631636756817,1.0,Xin,henan,xinye,新野 ,32.5192864828954,112.368693816133,新莽 ,9,23,26.16
96,33.0942221048253,112.651881733457,1.0,Western Han,henan,wanxian,宛縣 ,33.0095008060053,112.527263265578,前漢 ,-202,9,14.95
97,32.3739075141406,112.746317975556,1.0,Western Han,henan,huyang,湖陽 ,32.3374342611367,112.731678645717,前漢 ,-202,9,4.28
98,35.0597739056922,112.586312491255,1.0,Western Han,henan,zhixian,軹縣,35.09333517,112.5971707,前漢 ,-202,9,3.86
99,35.0597739056922,112.586312491255,1.0,Western Han,henan,zhixian,軹縣,35.09333517,112.5971707,前漢 ,-202,9,3.86
100,34.7594087569095,113.66162171264,1.0,Western Han,henan,wancheng,莞城 ,34.7525940944185,113.690633856124,前漢 ,-202,9,2.76
101,34.7594087569095,113.66162171264,1.0,Western Han,henan,wancheng,莞城 ,34.7525940944185,113.690633856124,前漢 ,-202,9,2.76
102,34.7594087569095,113.66162171264,1.0,Western Han,henan,wancheng,莞城 ,34.7525940944185,113.690633856124,前漢 ,-202,9,2.76
103,34.6978745492996,112.424942855755,1.0,Western Han,henan,henan,河南 ,34.6774314395294,112.414770336201,前漢 ,-202,9,2.46
104,34.7282156816311,112.518936887404,17.0,Western Han,henan,henan,河南 ,34.6774314395294,112.414770336201,前漢 ,-202,9,11.07
105,34.7282156816311,112.518936887404,9.0,Western Han,henan,henan,河南 ,34.6774314395294,112.414770336201,前漢 ,-202,9,11.07
106,34.7282156816311,112.518936887404,13.0,Western Han,henan,henan,河南 ,34.6774314395294,112.414770336201,前漢 ,-202,9,11.07
107,34.7282156816311,112.518936887404,6.0,Eastern Han,henan,henan,河南 ,34.6774314395294,112.414770336201,後漢 ,25,220,11.07
108,34.7007728454728,112.476929862011,1.0,Western Han,henan,henan,河南 ,34.6774314395294,112.414770336201,前漢 ,-202,9,6.25
109,33.0165664309201,112.534490111586,1.0,Western Han,henan,wanxian,宛縣 ,33.0095008060053,112.527263265578,前漢 ,-202,9,1.04
110,33.0165664309201,112.534490111586,1.0,Western Han,henan,wanxian,宛縣 ,33.0095008060053,112.527263265578,前漢 ,-202,9,1.04
111,33.0165664309201,112.534490111586,1.0,Western Han,henan,wanxian,宛縣 ,33.0095008060053,112.527263265578,前漢 ,-202,9,1.04
112,33.0165664309201,112.534490111586,1.0,Western Han,henan,wanxian,宛縣 ,33.0095008060053,112.527263265578,前漢 ,-202,9,1.04
113,32.6322302781341,112.42030425574,10.0,Western Han,henan,xinye,新野 ,32.5192864828954,112.368693816133,前漢 ,-202,9,13.46
114,32.6322302781341,112.42030425574,37.0,Western Han,henan,xinye,新野 ,32.5192864828954,112.368693816133,前漢 ,-202,9,13.46
115,34.699300576846,112.454082173308,2.0,Western Han,henan,henan,河南 ,34.6774314395294,112.414770336201,前漢 ,-202,9,4.34
116,34.685169222862,112.464602293266,1.0,Western Han,henan,henan,河南 ,34.6774314395294,112.414770336201,前漢 ,-202,9,4.64
117,34.7433852629198,112.024980610327,20.0,Western Han,henan,xinan,新安 ,34.745436079829,111.867921769384,前漢 ,-202,9,14.35
118,34.7433852629198,112.024980610327,8.0,Western Han,henan,xinan,新安 ,34.745436079829,111.867921769384,前漢 ,-202,9,14.35
119,34.7433852629198,112.024980610327,8.0,Eastern Han,henan,xinan,新安 ,34.745436079829,111.867921769384,後漢 ,25,220,14.35
120,34.7870386703616,113.662760969385,1.0,Western Han,henan,wancheng,莞城 ,34.7525940944185,113.690633856124,前漢 ,-202,9,4.6
121,34.7386040306999,113.668430851959,1.0,Western Han,henan,wancheng,莞城 ,34.7525940944185,113.690633856124,前漢 ,-202,9,2.56
122,34.7421066269612,113.674763305957,1.0,Western Han,henan,wancheng,莞城 ,34.7525940944185,113.690633856124,前漢 ,-202,9,1.86
123,34.7421066269612,113.674763305957,1.0,Western Han,henan,wancheng,莞城 ,34.7525940944185,113.690633856124,前漢 ,-202,9,1.86
124,34.6863718068192,112.455243039332,1.0,Western Han,henan,henan,河南 ,34.6774314395294,112.414770336201,前漢 ,-202,9,3.83
125,32.4507410153295,112.710131905025,7.0,Western Han,henan,huyang,湖陽 ,32.3374342611367,112.731678645717,前漢 ,-202,9,12.76
126,34.6801378335835,112.447148319254,1.0,Western Han,henan,henan,河南 ,34.6774314395294,112.414770336201,前漢 ,-202,9,2.98
127,34.6401544677926,112.390129385913,1.0,Western Han,henan,henan,河南 ,34.6774314395294,112.414770336201,前漢 ,-202,9,4.72
128,33.0917955857511,112.650711416501,1.0,Eastern Han,henan,wanxian,宛縣 ,33.0095008060053,112.527263265578,後漢 ,25,220,14.7
129,33.1847737160809,112.623973023577,1.0,Eastern Han,henan,wanxian,宛縣 ,33.0095008060053,112.527263265578,後漢 ,25,220,21.47
130,35.4055710679992,113.945113575409,106.0,Western Han,henan,jixian,汲縣 ,35.4179324863995,113.959445844935,前漢 ,-202,9,1.89
131,35.4055710679992,113.945113575409,106.0,Eastern Han,henan,jixian,汲縣 ,35.4179324863995,113.959445844935,後漢 ,25,220,1.89
132,35.4055710679992,113.945113575409,24.0,Western Han,henan,jixian,汲縣 ,35.4179324863995,113.959445844935,前漢 ,-202,9,1.89
133,35.4055710679992,113.945113575409,24.0,Eastern Han,henan,jixian,汲縣 ,35.4179324863995,113.959445844935,後漢 ,25,220,1.89
134,33.0533131428887,111.262022624583,1.0,Western Han,henan,danshui,丹水 ,33.0659160657461,111.238089452914,前漢 ,-202,9,2.63
135,33.0533131428887,111.262022624583,1.0,Western Han,henan,danshui,丹水 ,33.0659160657461,111.238089452914,前漢 ,-202,9,2.63
136,34.4493080831803,113.449053197274,1.0,Western Han,henan,mixian,密縣 ,34.4366149122707,113.507600169195,前漢 ,-202,9,5.55
137,35.024400490356,112.592785791526,1.0,Western Han,henan,zhixian,軹縣,35.09333517,112.5971707,前漢 ,-202,9,7.68
138,35.024400490356,112.592785791526,1.0,Xin,henan,zhixian,軹縣,35.09333517,112.5971707,新莽 ,9,23,7.68
139,35.024400490356,112.592785791526,1.0,Eastern Han,henan,zhixian,軹縣,35.09333517,112.5971707,後漢 ,25,220,7.68
140,35.024400490356,112.592785791526,1.0,Western Han,henan,zhixian,軹縣,35.09333517,112.5971707,前漢 ,-202,9,7.68
141,35.024400490356,112.592785791526,1.0,Western Han,henan,zhixian,軹縣,35.09333517,112.5971707,前漢 ,-202,9,7.68
142,35.024400490356,112.592785791526,1.0,Western Han,henan,zhixian,軹縣,35.09333517,112.5971707,前漢 ,-202,9,7.68
143,33.0018343807997,112.567155412066,1.0,Western Han,henan,wanxian,宛縣 ,33.0095008060053,112.527263265578,前漢 ,-202,9,3.82
144,33.0018343807997,112.567155412066,1.0,Eastern Han,henan,wanxian,宛縣 ,33.0095008060053,112.527263265578,後漢 ,25,220,3.82
145,33.0018343807997,112.567155412066,1.0,Western Han,henan,wanxian,宛縣 ,33.0095008060053,112.527263265578,前漢 ,-202,9,3.82
146,33.0018343807997,112.567155412066,1.0,Eastern Han,henan,wanxian,宛縣 ,33.0095008060053,112.527263265578,後漢 ,25,220,3.82
147,33.0018343807997,112.567155412066,1.0,Xin,henan,wanxian,宛縣 ,33.0095008060053,112.527263265578,新莽 ,9,23,3.82
148,34.7029843366411,112.519520532692,1.0,Eastern Han,henan,henan,河南 ,34.6774314395294,112.414770336201,後漢 ,25,220,9.99
149,32.9391368243311,112.513033170227,1.0,Eastern Han,henan,wanxian,宛縣 ,33.0095008060053,112.527263265578,後漢 ,25,220,7.94
150,34.7594859031514,112.477522038794,1.0,Xin,henan,luoyang,雒陽 ,34.7290575734777,112.653857110393,新莽 ,9,23,16.46
151,34.7754347517606,112.553235407743,1.0,Eastern Han,henan,luoyang,雒陽 ,34.7290575734777,112.653857110393,後漢 ,25,220,10.54
152,34.7660611423226,112.53777587415,1.0,Eastern Han,henan,luoyang,雒陽 ,34.7290575734777,112.653857110393,後漢 ,25,220,11.38
153,33.061425620864,112.641183378786,7.0,Eastern Han,henan,wanxian,宛縣 ,33.0095008060053,112.527263265578,後漢 ,25,220,12.09
154,32.9979938974444,112.545779009385,1.0,Eastern Han,henan,wanxian,宛縣 ,33.0095008060053,112.527263265578,後漢 ,25,220,2.15
155,35.0463584003076,112.601506456009,1.0,Eastern Han,henan,zhixian,軹縣,35.09333517,112.5971707,後漢 ,25,220,5.24
156,32.7230575659486,113.315492125131,1.0,Eastern Han,henan,biyang,沘陽 ,32.7151,113.3089,後漢 ,25,220,1.08
157,32.7230575659486,113.315492125131,1.0,Eastern Han,henan,biyang,沘陽 ,32.7151,113.3089,後漢 ,25,220,1.08
158,32.7230575659486,113.315492125131,8.0,Eastern Han,henan,biyang,沘陽 ,32.7151,113.3089,後漢 ,25,220,1.08
159,32.7230575659486,113.315492125131,3.0,Eastern Han,henan,biyang,沘陽 ,32.7151,113.3089,後漢 ,25,220,1.08
160,32.7230575659486,113.315492125131,1.0,Eastern Han,henan,biyang,沘陽 ,32.7151,113.3089,後漢 ,25,220,1.08
161,32.7230575659486,113.315492125131,1.0,Eastern Han,henan,biyang,沘陽 ,32.7151,113.3089,後漢 ,25,220,1.08
162,34.5336914056067,113.328892459254,1.0,Eastern Han,henan,mixian,密縣 ,34.4366149122707,113.507600169195,後漢 ,25,220,19.62
163,34.7260461303287,112.711858226358,1.0,Eastern Han,henan,luoyang,雒陽 ,34.7290575734777,112.653857110393,後漢 ,25,220,5.31
164,33.0298394868026,112.55064653234,1.0,Eastern Han,henan,wanxian,宛縣 ,33.0095008060053,112.527263265578,後漢 ,25,220,3.14
165,34.8069266534704,113.387727936144,1.0,Eastern Han,henan,xingyang,滎陽 ,34.83817,113.43052,後漢 ,25,220,5.23
166,34.8069266534704,113.387727936144,1.0,Eastern Han,henan,xingyang,滎陽 ,34.83817,113.43052,後漢 ,25,220,5.23
167,34.8069266534704,113.387727936144,1.0,Eastern Han,henan,xingyang,滎陽 ,34.83817,113.43052,後漢 ,25,220,5.23
168,34.8069266534704,113.387727936144,1.0,Eastern Han,henan,xingyang,滎陽 ,34.83817,113.43052,後漢 ,25,220,5.23
169,34.8069266534704,113.387727936144,1.0,Eastern Han,henan,xingyang,滎陽 ,34.83817,113.43052,後漢 ,25,220,5.23
170,34.8069266534704,113.387727936144,1.0,Eastern Han,henan,xingyang,滎陽 ,34.83817,113.43052,後漢 ,25,220,5.23
171,34.3463429081049,111.034671434698,4.0,Eastern Han,henan,hongnong,弘農 ,34.6078009827715,110.943865697399,後漢 ,25,220,30.24
172,34.5081878126485,113.29068697227,1.0,Eastern Han,henan,mixian,密縣 ,34.4366149122707,113.507600169195,後漢 ,25,220,21.42
173,34.5081878126485,113.29068697227,1.0,Eastern Han,henan,mixian,密縣 ,34.4366149122707,113.507600169195,後漢 ,25,220,21.42
174,34.7223109953381,112.43635907276,1.0,Eastern Han,henan,henan,河南 ,34.6774314395294,112.414770336201,後漢 ,25,220,5.37
175,34.6969595846244,112.455372051954,1.0,Eastern Han,henan,henan,河南 ,34.6774314395294,112.414770336201,後漢 ,25,220,4.3
176,34.1629935599136,113.676519951113,1.0,Eastern Han,henan,yingyin,穎陰 ,34.0633870333975,113.845307227104,後漢 ,25,220,19.08
177,32.9862077027543,112.615444281876,1.0,Eastern Han,henan,wanxian,宛縣 ,33.0095008060053,112.527263265578,後漢 ,25,220,8.62
178,32.665382666757,112.831273647196,1.0,Eastern Han,henan,xinye,新野 ,32.5192864828954,112.368693816133,後漢 ,25,220,46.28
179,34.6567820962619,112.4180906323,1.0,Eastern Han,henan,henan,河南 ,34.6774314395294,112.414770336201,後漢 ,25,220,2.32
180,34.6849187913948,112.440666568974,1.0,Eastern Han,henan,henan,河南 ,34.6774314395294,112.414770336201,後漢 ,25,220,2.51
181,34.6957077062195,112.353270748039,12.0,Eastern Han,henan,henan,河南 ,34.6774314395294,112.414770336201,後漢 ,25,220,5.98
182,34.6710724038499,112.446290958148,1.0,Eastern Han,henan,henan,河南 ,34.6774314395294,112.414770336201,後漢 ,25,220,2.97
183,34.6150468106185,112.392246289975,1.0,Eastern Han,henan,henan,河南 ,34.6774314395294,112.414770336201,後漢 ,25,220,7.24
184,34.7701119191429,112.175828544031,1.0,Eastern Han,henan,xinan,新安 ,34.745436079829,111.867921769384,後漢 ,25,220,28.26
185,35.0740376193382,112.494644496429,1.0,Eastern Han,henan,zhixian,軹縣,35.09333517,112.5971707,後漢 ,25,220,9.57
186,34.6859284313388,112.434743554347,1.0,Eastern Han,henan,henan,河南 ,34.6774314395294,112.414770336201,後漢 ,25,220,2.06
187,34.7260414694159,112.590755877576,,Eastern Han,henan,henan,河南 ,34.6774314395294,112.414770336201,後漢 ,25,220,16.97
188,33.2556187022652,113.010321670149,,Eastern Han,henan,bowang,博望 ,33.16314,112.7414,後漢 ,25,220,27.05
189,34.733005078987,113.691421597195,1.0,Eastern Han,henan,wancheng,莞城 ,34.7525940944185,113.690633856124,後漢 ,25,220,2.18
190,34.7524333831349,113.63010811573,1.0,Eastern Han,henan,wancheng,莞城 ,34.7525940944185,113.690633856124,後漢 ,25,220,5.53
191,32.9378444818361,112.51299954823,1.0,Eastern Han,henan,wanxian,宛縣 ,33.0095008060053,112.527263265578,後漢 ,25,220,8.08
192,34.6439599983709,112.417301639684,1.0,Eastern Han,henan,henan,河南 ,34.6774314395294,112.414770336201,後漢 ,25,220,3.73
193,34.7573763856423,112.770945932055,1.0,Eastern Han,henan,yanshi,偃師,34.7224155033397,112.802626423407,後漢 ,25,220,4.85
194,34.5641187583106,112.379621481548,1.0,Eastern Han,henan,henan,河南 ,34.6774314395294,112.414770336201,後漢 ,25,220,13.0
195,34.8559062692325,113.247833665948,1.0,Eastern Han,henan,chenggao,成皋 ,34.8210205961503,113.123324625909,後漢 ,25,220,12.01
196,34.6618774204493,112.41493784604,1.0,Eastern Han,henan,henan,河南 ,34.6774314395294,112.414770336201,後漢 ,25,220,1.73
197,34.6287636022329,112.401150556522,1.0,Eastern Han,henan,henan,河南 ,34.6774314395294,112.414770336201,後漢 ,25,220,5.55
198,34.7204939985106,112.928799952772,2.0,Western Han,henan,gongxian,鞏縣 ,34.7274270341896,112.919089887424,前漢 ,-202,9,1.18
199,34.7204939985106,112.928799952772,9.0,Eastern Han,henan,gongxian,鞏縣 ,34.7274270341896,112.919089887424,後漢 ,25,220,1.18
200,34.6671336848535,112.407848000321,6.0,Western Han,henan,henan,河南 ,34.6774314395294,112.414770336201,前漢 ,-202,9,1.31
201,34.6671336848535,112.407848000321,6.0,Eastern Han,henan,henan,河南 ,34.6774314395294,112.414770336201,後漢 ,25,220,1.31
202,34.6671336848535,112.407848000321,11.0,Western Han,henan,henan,河南 ,34.6774314395294,112.414770336201,前漢 ,-202,9,1.31
203,34.6671336848535,112.407848000321,11.0,Eastern Han,henan,henan,河南 ,34.6774314395294,112.414770336201,後漢 ,25,220,1.31
204,34.6671336848535,112.407848000321,15.0,Western Han,henan,henan,河南 ,34.6774314395294,112.414770336201,前漢 ,-202,9,1.31
205,34.6671336848535,112.407848000321,15.0,Eastern Han,henan,henan,河南 ,34.6774314395294,112.414770336201,後漢 ,25,220,1.31
206,34.6671336848535,112.407848000321,21.0,Western Han,henan,henan,河南 ,34.6774314395294,112.414770336201,前漢 ,-202,9,1.31
207,34.6671336848535,112.407848000321,21.0,Eastern Han,henan,henan,河南 ,34.6774314395294,112.414770336201,後漢 ,25,220,1.31
208,34.6671336848535,112.407848000321,5.0,Western Han,henan,henan,河南 ,34.6774314395294,112.414770336201,前漢 ,-202,9,1.31
209,34.6671336848535,112.407848000321,5.0,Eastern Han,henan,henan,河南 ,34.6774314395294,112.414770336201,後漢 ,25,220,1.31
210,34.6671336848535,112.407848000321,4.0,Western Han,henan,henan,河南 ,34.6774314395294,112.414770336201,前漢 ,-202,9,1.31
211,34.6671336848535,112.407848000321,4.0,Eastern Han,henan,henan,河南 ,34.6774314395294,112.414770336201,後漢 ,25,220,1.31
212,34.6671336848535,112.407848000321,2.0,Western Han,henan,henan,河南 ,34.6774314395294,112.414770336201,前漢 ,-202,9,1.31
213,34.6671336848535,112.407848000321,2.0,Eastern Han,henan,henan,河南 ,34.6774314395294,112.414770336201,後漢 ,25,220,1.31
214,34.6622068383281,112.415874120678,126.0,Western Han,henan,henan,河南 ,34.6774314395294,112.414770336201,前漢 ,-202,9,1.7
215,34.6622068383281,112.415874120678,91.0,Eastern Han,henan,henan,河南 ,34.6774314395294,112.414770336201,後漢 ,25,220,1.7
216,34.7835356705244,111.199743184371,2.0,Western Han,henan,shanxian,陝縣 ,34.7707281544405,111.153036514511,前漢 ,-202,9,4.5
217,34.7835356705244,111.199743184371,44.0,Eastern Han,henan,shanxian,陝縣 ,34.7707281544405,111.153036514511,後漢 ,25,220,4.5
218,34.1699062517442,116.503674277507,3.0,Western Han,henan,dangxian,碭縣 ,34.1616614890121,116.450938683481,前漢 ,-202,9,4.94
219,33.009991911889,112.530278148551,3.0,Western Han,henan,wanxian,宛縣 ,33.0095008060053,112.527263265578,前漢 ,-202,9,0.29
220,33.009991911889,112.530278148551,1.0,Western Han,henan,wanxian,宛縣 ,33.0095008060053,112.527263265578,前漢 ,-202,9,0.29
221,33.009991911889,112.530278148551,1.0,Western Han,henan,wanxian,宛縣 ,33.0095008060053,112.527263265578,前漢 ,-202,9,0.29
222,33.009991911889,112.530278148551,1.0,Western Han,henan,wanxian,宛縣 ,33.0095008060053,112.527263265578,前漢 ,-202,9,0.29
223,34.6861747766625,112.440381666743,1.0,Western Han,henan,henan,河南 ,34.6774314395294,112.414770336201,前漢 ,-202,9,2.54
224,33.2574175887353,112.997179014365,1.0,Xin,henan,bowang,博望 ,33.16314,112.7414,新莽 ,9,23,26.0
225,33.0619111292506,112.639845357965,1.0,Xin,henan,wanxian,宛縣 ,33.0095008060053,112.527263265578,新莽 ,9,23,12.0
226,33.2574175887353,112.997179014365,1.0,Eastern Han,henan,bowang,博望 ,33.16314,112.7414,後漢 ,25,220,26.0
227,33.0619111292506,112.639845357965,1.0,Eastern Han,henan,wanxian,宛縣 ,33.0095008060053,112.527263265578,後漢 ,25,220,12.0
228,33.1646511286366,112.861873638694,1.0,Eastern Han,henan,bowang,博望 ,33.16314,112.7414,後漢 ,25,220,11.22
229,34.923667657941,112.387322146302,1.0,Western Han,henan,pingyin,平陰 ,34.9003254870059,112.467380053561,前漢 ,-202,9,7.75
230,34.1768364127424,116.504859655597,1.0,Western Han,henan,dangxian,碭縣 ,34.1616614890121,116.450938683481,前漢 ,-202,9,5.24
231,34.1768364127424,116.504859655597,1.0,Western Han,henan,dangxian,碭縣 ,34.1616614890121,116.450938683481,前漢 ,-202,9,5.24
232,34.1768364127424,116.504859655597,1.0,Western Han,henan,dangxian,碭縣 ,34.1616614890121,116.450938683481,前漢 ,-202,9,5.24
233,34.1768364127424,116.504859655597,1.0,Western Han,henan,dangxian,碭縣 ,34.1616614890121,116.450938683481,前漢 ,-202,9,5.24
234,34.1768364127424,116.504859655597,1.0,Xin,henan,dangxian,碭縣 ,34.1616614890121,116.450938683481,新莽 ,9,23,5.24
235,34.1768364127424,116.504859655597,1.0,Western Han,henan,dangxian,碭縣 ,34.1616614890121,116.450938683481,前漢 ,-202,9,5.24
236,34.1768364127424,116.504859655597,1.0,Western Han,henan,dangxian,碭縣 ,34.1616614890121,116.450938683481,前漢 ,-202,9,5.24
237,34.6861699387089,112.43674232758,6.0,Western Han,henan,henan,河南 ,34.6774314395294,112.414770336201,前漢 ,-202,9,2.23
238,34.7527650519676,112.973634656836,5.0,Western Han,henan,gongxian,鞏縣 ,34.7274270341896,112.919089887424,前漢 ,-202,9,5.73
239,34.7527650519676,112.973634656836,3.0,Western Han,henan,gongxian,鞏縣 ,34.7274270341896,112.919089887424,前漢 ,-202,9,5.73
240,32.9959923991947,112.567134990901,3.0,Xin,henan,wanxian,宛縣 ,33.0095008060053,112.527263265578,新莽 ,9,23,4.01
241,34.6139290275097,112.394756469222,1.0,Western Han,henan,henan,河南 ,34.6774314395294,112.414770336201,前漢 ,-202,9,7.29
242,34.6810488253938,112.443719738995,1.0,Eastern Han,henan,henan,河南 ,34.6774314395294,112.414770336201,後漢 ,25,220,2.68
243,34.6914376533018,112.496016912117,1.0,Eastern Han,henan,henan,河南 ,34.6774314395294,112.414770336201,後漢 ,25,220,7.59
244,34.7310902330141,113.000133132995,12.0,Western Han,henan,gongxian,鞏縣 ,34.7274270341896,112.919089887424,前漢 ,-202,9,7.42
245,34.7310902330141,113.000133132995,12.0,Xin,henan,gongxian,鞏縣 ,34.7274270341896,112.919089887424,新莽 ,9,23,7.42
246,34.7310902330141,113.000133132995,12.0,Eastern Han,henan,gongxian,鞏縣 ,34.7274270341896,112.919089887424,後漢 ,25,220,7.42
247,34.7310902330141,113.000133132995,1.0,Western Han,henan,gongxian,鞏縣 ,34.7274270341896,112.919089887424,前漢 ,-202,9,7.42
248,34.73109023,113.0001331,1.0,Xin,henan,gongxian,鞏縣 ,34.7274270341896,112.919089887424,新莽 ,9,23,7.42
249,34.73109023,113.0001331,1.0,Eastern Han,henan,gongxian,鞏縣 ,34.7274270341896,112.919089887424,後漢 ,25,220,7.42
250,34.7310902330141,113.000133132995,10.0,Western Han,henan,gongxian,鞏縣 ,34.7274270341896,112.919089887424,前漢 ,-202,9,7.42
251,34.7310902330141,113.000133132995,10.0,Xin,henan,gongxian,鞏縣 ,34.7274270341896,112.919089887424,新莽 ,9,23,7.42
252,34.7310902330141,113.000133132995,10.0,Eastern Han,henan,gongxian,鞏縣 ,34.7274270341896,112.919089887424,後漢 ,25,220,7.42
253,34.7310902330141,113.000133132995,1.0,Western Han,henan,gongxian,鞏縣 ,34.7274270341896,112.919089887424,前漢 ,-202,9,7.42
254,34.7310902330141,113.000133132995,1.0,Xin,henan,gongxian,鞏縣 ,34.7274270341896,112.919089887424,新莽 ,9,23,7.42
255,34.7310902330141,113.000133132995,1.0,Eastern Han,henan,gongxian,鞏縣 ,34.7274270341896,112.919089887424,後漢 ,25,220,7.42
256,32.9988917811488,112.576098177251,200.0,Western Han,henan,wanxian,宛縣 ,33.0095008060053,112.527263265578,前漢 ,-202,9,4.7
257,34.7581298186448,112.983083640955,1.0,Eastern Han,henan,gongxian,鞏縣 ,34.7274270341896,112.919089887424,後漢 ,25,220,6.77
